variable,value
0,16.451219512195124
1,12.904564315352697
2,11.366906474820144
3,12.564705882352941
4,8.79245283018868
5,11.024390243902438
6,6.095238095238095
7,1.2
8+,13.5
