variable,value
Black,15.196
Other,15.52317880794702
White,12.320404721753794
