variable,value
"$1,000 to $4,999",16.533333333333335
"$10,000 to $14,999",11.944444444444445
"$15,000 to $19,999",13.88135593220339
"$20,000 to $24,999",10.737864077669903
"$25,000+",12.810295519542422
"$5,000 to $9,999",20.975
"<$1,000",12.375
