variable,value
Associate/junior college,14.659420289855072
Bachelor's,14.281065088757396
Graduate,13.690721649484535
High school,12.725663716814159
Less than high school,9.456
