variable,value
"$1,000 to $4,999",15.376623376623376
"$10,000 to $14,999",13.634615384615385
"$15,000 to $19,999",9.842105263157896
"$20,000 to $24,999",14.166666666666666
"$25,000+",14.322475570032573
"$5,000 to $9,999",14.315068493150685
"<$1,000",22.363636363636363
