variable,value
Divorced,9.579150579150578
Married,11.534850640113797
Never married,17.846311475409838
Separated,14.615384615384615
Widowed,8.188235294117646
