variable,value
Ages 18 - 20,16.264150943396228
Ages 21 - 29,18.119230769230768
Ages 30 - 39,17.5
Ages 40 - 49,13.47107438016529
Ages 50 - 59,9.941368078175897
Ages 60 - 69,9.51639344262295
Ages 70 - 79,5.232323232323233
Ages 80 - 88,4.111111111111111
Ages 89+,2.111111111111111
