variable,value
Not too happy,14.289617486338798
Pretty happy,13.229885057471265
Very happy,12.269058295964125
