variable,value
Female,12.900921658986174
Male,13.292072322670375
